"nr","x","y"
"ref24","37.185","85.49"
"ref32","63.1999694824219","42.1899694824219"
"ref48","81.64","49.74"
