nr,x,y
ref20,101.23,102.41
ref60,76.0099389648438,132.139877929687
ref37,111.91,126.959938964844
